{
  "model": "cnn",
  "dataset": "mnist",
  "augmentation": "mixup",
  "accuracy": 0.09866666666666667,
  "precision": 0.09565314610080401,
  "recall": 0.09866666666666667,
  "f1_score": 0.07558848155708141,
  "class_report": {
    "0": {
      "precision": 0.07536764705882353,
      "recall": 0.034166666666666665,
      "f1-score": 0.047018348623853214,
      "support": 1200.0
    },
    "1": {
      "precision": 0.08647798742138364,
      "recall": 0.04583333333333333,
      "f1-score": 0.05991285403050109,
      "support": 1200.0
    },
    "2": {
      "precision": 0.09137055837563451,
      "recall": 0.045,
      "f1-score": 0.06030150753768844,
      "support": 1200.0
    },
    "3": {
      "precision": 0.08578745198463508,
      "recall": 0.05583333333333333,
      "f1-score": 0.06764260474507824,
      "support": 1200.0
    },
    "4": {
      "precision": 0.1022025035652036,
      "recall": 0.5375,
      "f1-score": 0.17174810278258554,
      "support": 1200.0
    },
    "5": {
      "precision": 0.09788359788359788,
      "recall": 0.06166666666666667,
      "f1-score": 0.07566462167689161,
      "support": 1200.0
    },
    "6": {
      "precision": 0.10304449648711944,
      "recall": 0.03666666666666667,
      "f1-score": 0.054087277197295634,
      "support": 1200.0
    },
    "7": {
      "precision": 0.09828393135725429,
      "recall": 0.0525,
      "f1-score": 0.06844106463878327,
      "support": 1200.0
    },
    "8": {
      "precision": 0.10438144329896908,
      "recall": 0.0675,
      "f1-score": 0.08198380566801619,
      "support": 1200.0
    },
    "9": {
      "precision": 0.11173184357541899,
      "recall": 0.05,
      "f1-score": 0.0690846286701209,
      "support": 1200.0
    },
    "accuracy": 0.09866666666666667,
    "macro avg": {
      "precision": 0.095653146100804,
      "recall": 0.09866666666666665,
      "f1-score": 0.07558848155708141,
      "support": 12000.0
    },
    "weighted avg": {
      "precision": 0.09565314610080401,
      "recall": 0.09866666666666667,
      "f1-score": 0.07558848155708141,
      "support": 12000.0
    }
  },
  "confusion_matrix": [
    [
      41,
      63,
      71,
      95,
      654,
      66,
      29,
      59,
      71,
      51
    ],
    [
      52,
      55,
      51,
      97,
      629,
      65,
      42,
      64,
      85,
      60
    ],
    [
      47,
      65,
      54,
      76,
      626,
      81,
      47,
      74,
      83,
      47
    ],
    [
      52,
      61,
      56,
      67,
      619,
      87,
      32,
      72,
      97,
      57
    ],
    [
      56,
      53,
      58,
      89,
      645,
      70,
      46,
      60,
      64,
      59
    ],
    [
      53,
      70,
      63,
      78,
      617,
      74,
      48,
      58,
      78,
      61
    ],
    [
      65,
      57,
      67,
      71,
      636,
      71,
      44,
      72,
      71,
      46
    ],
    [
      67,
      65,
      39,
      58,
      655,
      91,
      44,
      63,
      68,
      50
    ],
    [
      54,
      84,
      72,
      84,
      594,
      78,
      43,
      64,
      81,
      46
    ],
    [
      57,
      63,
      60,
      66,
      636,
      73,
      52,
      55,
      78,
      60
    ]
  ]
}