{
  "model": "cnn",
  "dataset": "mnist",
  "augmentation": "lsb",
  "accuracy": 0.1,
  "precision": 0.01,
  "recall": 0.1,
  "f1_score": 0.01818181818181818,
  "class_report": {
    "0": {
      "precision": 0.0,
      "recall": 0.0,
      "f1-score": 0.0,
      "support": 1200.0
    },
    "1": {
      "precision": 0.0,
      "recall": 0.0,
      "f1-score": 0.0,
      "support": 1200.0
    },
    "2": {
      "precision": 0.0,
      "recall": 0.0,
      "f1-score": 0.0,
      "support": 1200.0
    },
    "3": {
      "precision": 0.0,
      "recall": 0.0,
      "f1-score": 0.0,
      "support": 1200.0
    },
    "4": {
      "precision": 0.0,
      "recall": 0.0,
      "f1-score": 0.0,
      "support": 1200.0
    },
    "5": {
      "precision": 0.0,
      "recall": 0.0,
      "f1-score": 0.0,
      "support": 1200.0
    },
    "6": {
      "precision": 0.0,
      "recall": 0.0,
      "f1-score": 0.0,
      "support": 1200.0
    },
    "7": {
      "precision": 0.1,
      "recall": 1.0,
      "f1-score": 0.18181818181818182,
      "support": 1200.0
    },
    "8": {
      "precision": 0.0,
      "recall": 0.0,
      "f1-score": 0.0,
      "support": 1200.0
    },
    "9": {
      "precision": 0.0,
      "recall": 0.0,
      "f1-score": 0.0,
      "support": 1200.0
    },
    "accuracy": 0.1,
    "macro avg": {
      "precision": 0.01,
      "recall": 0.1,
      "f1-score": 0.01818181818181818,
      "support": 12000.0
    },
    "weighted avg": {
      "precision": 0.01,
      "recall": 0.1,
      "f1-score": 0.01818181818181818,
      "support": 12000.0
    }
  },
  "confusion_matrix": [
    [
      0,
      0,
      0,
      0,
      0,
      0,
      0,
      1200,
      0,
      0
    ],
    [
      0,
      0,
      0,
      0,
      0,
      0,
      0,
      1200,
      0,
      0
    ],
    [
      0,
      0,
      0,
      0,
      0,
      0,
      0,
      1200,
      0,
      0
    ],
    [
      0,
      0,
      0,
      0,
      0,
      0,
      0,
      1200,
      0,
      0
    ],
    [
      0,
      0,
      0,
      0,
      0,
      0,
      0,
      1200,
      0,
      0
    ],
    [
      0,
      0,
      0,
      0,
      0,
      0,
      0,
      1200,
      0,
      0
    ],
    [
      0,
      0,
      0,
      0,
      0,
      0,
      0,
      1200,
      0,
      0
    ],
    [
      0,
      0,
      0,
      0,
      0,
      0,
      0,
      1200,
      0,
      0
    ],
    [
      0,
      0,
      0,
      0,
      0,
      0,
      0,
      1200,
      0,
      0
    ],
    [
      0,
      0,
      0,
      0,
      0,
      0,
      0,
      1200,
      0,
      0
    ]
  ]
}