{
  "model": "cnn",
  "dataset": "mnist",
  "augmentation": "vqvae",
  "accuracy": 0.09733333333333333,
  "precision": 0.09696465275220865,
  "recall": 0.09733333333333333,
  "f1_score": 0.09582193157641647,
  "class_report": {
    "0": {
      "precision": 0.11150131694468832,
      "recall": 0.10583333333333333,
      "f1-score": 0.1085934159897392,
      "support": 1200.0
    },
    "1": {
      "precision": 0.1014218009478673,
      "recall": 0.17833333333333334,
      "f1-score": 0.12930513595166163,
      "support": 1200.0
    },
    "2": {
      "precision": 0.09674796747967479,
      "recall": 0.09916666666666667,
      "f1-score": 0.09794238683127572,
      "support": 1200.0
    },
    "3": {
      "precision": 0.09156844968268359,
      "recall": 0.08416666666666667,
      "f1-score": 0.08771168041684758,
      "support": 1200.0
    },
    "4": {
      "precision": 0.09603340292275574,
      "recall": 0.07666666666666666,
      "f1-score": 0.08526413345690455,
      "support": 1200.0
    },
    "5": {
      "precision": 0.10244786944696282,
      "recall": 0.09416666666666666,
      "f1-score": 0.09813287016934433,
      "support": 1200.0
    },
    "6": {
      "precision": 0.09090909090909091,
      "recall": 0.07583333333333334,
      "f1-score": 0.08268968650613358,
      "support": 1200.0
    },
    "7": {
      "precision": 0.08537616229923922,
      "recall": 0.08416666666666667,
      "f1-score": 0.08476710029374737,
      "support": 1200.0
    },
    "8": {
      "precision": 0.10321969696969698,
      "recall": 0.09083333333333334,
      "f1-score": 0.09663120567375887,
      "support": 1200.0
    },
    "9": {
      "precision": 0.09042076991942703,
      "recall": 0.08416666666666667,
      "f1-score": 0.08718170047475184,
      "support": 1200.0
    },
    "accuracy": 0.09733333333333333,
    "macro avg": {
      "precision": 0.09696465275220867,
      "recall": 0.09733333333333334,
      "f1-score": 0.09582193157641647,
      "support": 12000.0
    },
    "weighted avg": {
      "precision": 0.09696465275220865,
      "recall": 0.09733333333333333,
      "f1-score": 0.09582193157641647,
      "support": 12000.0
    }
  },
  "confusion_matrix": [
    [
      127,
      189,
      125,
      112,
      88,
      115,
      102,
      125,
      109,
      108
    ],
    [
      112,
      214,
      139,
      125,
      86,
      130,
      83,
      113,
      86,
      112
    ],
    [
      113,
      222,
      119,
      108,
      93,
      92,
      100,
      122,
      116,
      115
    ],
    [
      98,
      214,
      123,
      101,
      94,
      113,
      109,
      125,
      110,
      113
    ],
    [
      120,
      204,
      125,
      115,
      92,
      108,
      92,
      134,
      102,
      108
    ],
    [
      131,
      207,
      121,
      102,
      93,
      113,
      99,
      122,
      97,
      115
    ],
    [
      109,
      190,
      123,
      127,
      105,
      109,
      91,
      116,
      102,
      128
    ],
    [
      117,
      225,
      129,
      99,
      104,
      107,
      100,
      101,
      114,
      104
    ],
    [
      108,
      232,
      108,
      99,
      99,
      105,
      114,
      113,
      109,
      113
    ],
    [
      104,
      213,
      118,
      115,
      104,
      111,
      111,
      112,
      111,
      101
    ]
  ]
}