{
  "model": "cnn",
  "dataset": "mnist",
  "augmentation": "miamix",
  "accuracy": 0.09775,
  "precision": 0.09532485955641033,
  "recall": 0.09775,
  "f1_score": 0.08713883501682716,
  "class_report": {
    "0": {
      "precision": 0.0927536231884058,
      "recall": 0.05333333333333334,
      "f1-score": 0.06772486772486773,
      "support": 1200.0
    },
    "1": {
      "precision": 0.10393107162089392,
      "recall": 0.32166666666666666,
      "f1-score": 0.1571021571021571,
      "support": 1200.0
    },
    "2": {
      "precision": 0.0947867298578199,
      "recall": 0.15,
      "f1-score": 0.11616650532429816,
      "support": 1200.0
    },
    "3": {
      "precision": 0.10512820512820513,
      "recall": 0.06833333333333333,
      "f1-score": 0.08282828282828283,
      "support": 1200.0
    },
    "4": {
      "precision": 0.0855614973262032,
      "recall": 0.05333333333333334,
      "f1-score": 0.06570841889117043,
      "support": 1200.0
    },
    "5": {
      "precision": 0.09145299145299145,
      "recall": 0.08916666666666667,
      "f1-score": 0.09029535864978903,
      "support": 1200.0
    },
    "6": {
      "precision": 0.09290322580645162,
      "recall": 0.06,
      "f1-score": 0.0729113924050633,
      "support": 1200.0
    },
    "7": {
      "precision": 0.1083984375,
      "recall": 0.0925,
      "f1-score": 0.09982014388489209,
      "support": 1200.0
    },
    "8": {
      "precision": 0.08916083916083917,
      "recall": 0.0425,
      "f1-score": 0.05756207674943566,
      "support": 1200.0
    },
    "9": {
      "precision": 0.08917197452229299,
      "recall": 0.04666666666666667,
      "f1-score": 0.061269146608315096,
      "support": 1200.0
    },
    "accuracy": 0.09775,
    "macro avg": {
      "precision": 0.09532485955641032,
      "recall": 0.09774999999999999,
      "f1-score": 0.08713883501682715,
      "support": 12000.0
    },
    "weighted avg": {
      "precision": 0.09532485955641033,
      "recall": 0.09775,
      "f1-score": 0.08713883501682716,
      "support": 12000.0
    }
  },
  "confusion_matrix": [
    [
      64,
      367,
      184,
      63,
      68,
      137,
      76,
      103,
      65,
      73
    ],
    [
      70,
      386,
      175,
      79,
      72,
      107,
      91,
      109,
      53,
      58
    ],
    [
      70,
      384,
      180,
      84,
      78,
      130,
      76,
      89,
      44,
      65
    ],
    [
      74,
      385,
      170,
      82,
      69,
      116,
      67,
      99,
      64,
      74
    ],
    [
      65,
      371,
      196,
      69,
      64,
      142,
      82,
      111,
      42,
      58
    ],
    [
      67,
      364,
      202,
      88,
      81,
      107,
      68,
      95,
      62,
      66
    ],
    [
      67,
      370,
      208,
      76,
      75,
      103,
      72,
      100,
      62,
      67
    ],
    [
      75,
      350,
      189,
      77,
      88,
      119,
      69,
      111,
      70,
      52
    ],
    [
      71,
      364,
      190,
      80,
      72,
      115,
      85,
      113,
      51,
      59
    ],
    [
      67,
      373,
      205,
      82,
      81,
      94,
      89,
      94,
      59,
      56
    ]
  ]
}