{
  "model": "cnn",
  "dataset": "mnist",
  "augmentation": "auto",
  "accuracy": 0.09733333333333333,
  "precision": 0.09758584813794127,
  "recall": 0.09733333333333333,
  "f1_score": 0.09631966773582852,
  "class_report": {
    "0": {
      "precision": 0.09580838323353294,
      "recall": 0.08,
      "f1-score": 0.08719346049046321,
      "support": 1200.0
    },
    "1": {
      "precision": 0.09169054441260745,
      "recall": 0.08,
      "f1-score": 0.08544726301735647,
      "support": 1200.0
    },
    "2": {
      "precision": 0.08828671328671328,
      "recall": 0.08416666666666667,
      "f1-score": 0.08617747440273038,
      "support": 1200.0
    },
    "3": {
      "precision": 0.10632183908045977,
      "recall": 0.0925,
      "f1-score": 0.09893048128342247,
      "support": 1200.0
    },
    "4": {
      "precision": 0.10371650821089023,
      "recall": 0.1,
      "f1-score": 0.10182435299109037,
      "support": 1200.0
    },
    "5": {
      "precision": 0.09404990403071017,
      "recall": 0.16333333333333333,
      "f1-score": 0.11936662606577345,
      "support": 1200.0
    },
    "6": {
      "precision": 0.10009017132551848,
      "recall": 0.0925,
      "f1-score": 0.09614551754006063,
      "support": 1200.0
    },
    "7": {
      "precision": 0.10418445772843724,
      "recall": 0.10166666666666667,
      "f1-score": 0.10291016448755799,
      "support": 1200.0
    },
    "8": {
      "precision": 0.0976460331299041,
      "recall": 0.09333333333333334,
      "f1-score": 0.09544098849595228,
      "support": 1200.0
    },
    "9": {
      "precision": 0.09406392694063927,
      "recall": 0.08583333333333333,
      "f1-score": 0.08976034858387799,
      "support": 1200.0
    },
    "accuracy": 0.09733333333333333,
    "macro avg": {
      "precision": 0.09758584813794129,
      "recall": 0.09733333333333334,
      "f1-score": 0.09631966773582852,
      "support": 12000.0
    },
    "weighted avg": {
      "precision": 0.09758584813794127,
      "recall": 0.09733333333333333,
      "f1-score": 0.09631966773582852,
      "support": 12000.0
    }
  },
  "confusion_matrix": [
    [
      96,
      85,
      120,
      95,
      101,
      210,
      125,
      128,
      121,
      119
    ],
    [
      101,
      96,
      122,
      96,
      121,
      212,
      96,
      138,
      120,
      98
    ],
    [
      111,
      105,
      101,
      118,
      121,
      221,
      119,
      101,
      102,
      101
    ],
    [
      97,
      115,
      133,
      111,
      97,
      216,
      103,
      114,
      116,
      98
    ],
    [
      97,
      108,
      102,
      98,
      120,
      200,
      117,
      110,
      141,
      107
    ],
    [
      109,
      114,
      115,
      109,
      131,
      196,
      99,
      123,
      86,
      118
    ],
    [
      91,
      121,
      124,
      106,
      116,
      190,
      111,
      110,
      109,
      122
    ],
    [
      105,
      105,
      105,
      101,
      112,
      208,
      112,
      122,
      127,
      103
    ],
    [
      92,
      100,
      107,
      112,
      121,
      205,
      113,
      112,
      112,
      126
    ],
    [
      103,
      98,
      115,
      98,
      117,
      226,
      114,
      113,
      113,
      103
    ]
  ]
}