{
  "model": "cnn",
  "dataset": "cifar10",
  "augmentation": "vqvae",
  "accuracy": 0.0972,
  "precision": 0.0944243016588807,
  "recall": 0.0972,
  "f1_score": 0.08671022957681195,
  "class_report": {
    "airplane": {
      "precision": 0.09581646423751687,
      "recall": 0.071,
      "f1-score": 0.08156232050545663,
      "support": 1000.0
    },
    "automobile": {
      "precision": 0.10026501766784453,
      "recall": 0.227,
      "f1-score": 0.13909313725490197,
      "support": 1000.0
    },
    "bird": {
      "precision": 0.0842911877394636,
      "recall": 0.066,
      "f1-score": 0.07403252944475602,
      "support": 1000.0
    },
    "cat": {
      "precision": 0.10165389269866881,
      "recall": 0.252,
      "f1-score": 0.1448692152917505,
      "support": 1000.0
    },
    "deer": {
      "precision": 0.07692307692307693,
      "recall": 0.023,
      "f1-score": 0.03541185527328714,
      "support": 1000.0
    },
    "dog": {
      "precision": 0.09262435677530018,
      "recall": 0.054,
      "f1-score": 0.06822488945041061,
      "support": 1000.0
    },
    "frog": {
      "precision": 0.09722222222222222,
      "recall": 0.077,
      "f1-score": 0.0859375,
      "support": 1000.0
    },
    "horse": {
      "precision": 0.091324200913242,
      "recall": 0.06,
      "f1-score": 0.07242003621001811,
      "support": 1000.0
    },
    "ship": {
      "precision": 0.10564663023679417,
      "recall": 0.058,
      "f1-score": 0.07488702388637831,
      "support": 1000.0
    },
    "truck": {
      "precision": 0.0984759671746776,
      "recall": 0.084,
      "f1-score": 0.09066378845116028,
      "support": 1000.0
    },
    "accuracy": 0.0972,
    "macro avg": {
      "precision": 0.09442430165888069,
      "recall": 0.09720000000000001,
      "f1-score": 0.08671022957681196,
      "support": 10000.0
    },
    "weighted avg": {
      "precision": 0.0944243016588807,
      "recall": 0.0972,
      "f1-score": 0.08671022957681195,
      "support": 10000.0
    }
  },
  "confusion_matrix": [
    [
      71,
      239,
      69,
      258,
      35,
      52,
      85,
      65,
      56,
      70
    ],
    [
      71,
      227,
      69,
      257,
      29,
      57,
      84,
      59,
      54,
      93
    ],
    [
      75,
      255,
      66,
      253,
      32,
      51,
      73,
      69,
      51,
      75
    ],
    [
      64,
      232,
      82,
      252,
      23,
      58,
      89,
      66,
      52,
      82
    ],
    [
      76,
      232,
      95,
      226,
      23,
      67,
      82,
      64,
      53,
      82
    ],
    [
      76,
      188,
      80,
      274,
      40,
      54,
      83,
      68,
      49,
      88
    ],
    [
      77,
      243,
      70,
      249,
      28,
      52,
      77,
      64,
      49,
      91
    ],
    [
      83,
      213,
      76,
      252,
      23,
      80,
      61,
      60,
      62,
      90
    ],
    [
      69,
      220,
      93,
      228,
      27,
      54,
      81,
      72,
      58,
      98
    ],
    [
      79,
      215,
      83,
      230,
      39,
      58,
      77,
      70,
      65,
      84
    ]
  ]
}