{
  "model": "cnn",
  "dataset": "imagenet",
  "augmentation": "auto",
  "accuracy": 0.008367,
  "precision": 0.00561,
  "recall": 0.007996,
  "f1_score": 0.004754,
  "class_report": {
    "airplane": {
      "precision": 0.018123,
      "recall": 0.001916,
      "f1-score": 0.003465,
      "support": 50.0
    },
    "automobile": {
      "precision": 0.011188,
      "recall": 0.008973,
      "f1-score": 0.009959,
      "support": 50.0
    },
    "bird": {
      "precision": 0.01719,
      "recall": 0.004832,
      "f1-score": 0.007543,
      "support": 50.0
    },
    "cat": {
      "precision": 0.007407,
      "recall": 0.009011,
      "f1-score": 0.008131,
      "support": 50.0
    },
    "deer": {
      "precision": 0.005658,
      "recall": 0.00104,
      "f1-score": 0.001757,
      "support": 50.0
    },
    "dog": {
      "precision": 0.009289,
      "recall": 0.003103,
      "f1-score": 0.004652,
      "support": 50.0
    },
    "frog": {
      "precision": 0.012354,
      "recall": 0.002677,
      "f1-score": 0.004401,
      "support": 50.0
    },
    "horse": {
      "precision": 0.006994,
      "recall": 0.01176,
      "f1-score": 0.008771,
      "support": 50.0
    },
    "ship": {
      "precision": 0.018203,
      "recall": 0.003226,
      "f1-score": 0.005481,
      "support": 50.0
    },
    "truck": {
      "precision": 0.003701,
      "recall": 0.019962,
      "f1-score": 0.006245,
      "support": 50.0
    },
    "elephant": {
      "precision": 0.001403,
      "recall": 0.022868,
      "f1-score": 0.002645,
      "support": 50.0
    },
    "tiger": {
      "precision": 0.011895,
      "recall": 0.007368,
      "f1-score": 0.009099,
      "support": 50.0
    },
    "lion": {
      "precision": 0.016919,
      "recall": 0.019451,
      "f1-score": 0.018097,
      "support": 50.0
    },
    "bear": {
      "precision": 0.007526,
      "recall": 0.020236,
      "f1-score": 0.010971,
      "support": 50.0
    },
    "zebra": {
      "precision": 0.00493,
      "recall": 0.015614,
      "f1-score": 0.007494,
      "support": 50.0
    },
    "giraffe": {
      "precision": 0.011014,
      "recall": 0.020424,
      "f1-score": 0.014311,
      "support": 50.0
    },
    "monkey": {
      "precision": 0.00699,
      "recall": 0.010558,
      "f1-score": 0.008411,
      "support": 50.0
    },
    "cow": {
      "precision": 0.015616,
      "recall": 0.013306,
      "f1-score": 0.014369,
      "support": 50.0
    },
    "pig": {
      "precision": 0.014012,
      "recall": 0.01632,
      "f1-score": 0.015078,
      "support": 50.0
    },
    "sheep": {
      "precision": 0.013666,
      "recall": 0.022362,
      "f1-score": 0.016965,
      "support": 50.0
    },
    "accuracy": 0.008367,
    "macro avg": {
      "precision": 0.00561,
      "recall": 0.007996,
      "f1-score": 0.004754,
      "support": 1000.0
    },
    "weighted avg": {
      "precision": 0.00561,
      "recall": 0.007996,
      "f1-score": 0.004754,
      "support": 1000.0
    }
  }
}