{
  "model": "cnn",
  "dataset": "imagenet",
  "augmentation": "mixup",
  "accuracy": 0.011838,
  "precision": 0.009714,
  "recall": 0.012086,
  "f1_score": 0.009106,
  "class_report": {
    "airplane": {
      "precision": 0.016621,
      "recall": 0.017685,
      "f1-score": 0.017136,
      "support": 50.0
    },
    "automobile": {
      "precision": 0.013646,
      "recall": 0.001784,
      "f1-score": 0.003155,
      "support": 50.0
    },
    "bird": {
      "precision": 0.003407,
      "recall": 0.011771,
      "f1-score": 0.005284,
      "support": 50.0
    },
    "cat": {
      "precision": 0.016498,
      "recall": 0.021075,
      "f1-score": 0.018508,
      "support": 50.0
    },
    "deer": {
      "precision": 0.009143,
      "recall": 0.02111,
      "f1-score": 0.012759,
      "support": 50.0
    },
    "dog": {
      "precision": 0.007616,
      "recall": 0.016577,
      "f1-score": 0.010436,
      "support": 50.0
    },
    "frog": {
      "precision": 0.003376,
      "recall": 0.023908,
      "f1-score": 0.005916,
      "support": 50.0
    },
    "horse": {
      "precision": 0.007773,
      "recall": 0.008458,
      "f1-score": 0.008101,
      "support": 50.0
    },
    "ship": {
      "precision": 0.002358,
      "recall": 0.00594,
      "f1-score": 0.003376,
      "support": 50.0
    },
    "truck": {
      "precision": 0.001891,
      "recall": 0.014402,
      "f1-score": 0.003343,
      "support": 50.0
    },
    "elephant": {
      "precision": 0.019559,
      "recall": 0.001241,
      "f1-score": 0.002334,
      "support": 50.0
    },
    "tiger": {
      "precision": 0.010235,
      "recall": 0.01109,
      "f1-score": 0.010646,
      "support": 50.0
    },
    "lion": {
      "precision": 0.014381,
      "recall": 0.002539,
      "f1-score": 0.004316,
      "support": 50.0
    },
    "bear": {
      "precision": 0.00458,
      "recall": 0.009378,
      "f1-score": 0.006155,
      "support": 50.0
    },
    "zebra": {
      "precision": 0.007253,
      "recall": 0.010953,
      "f1-score": 0.008727,
      "support": 50.0
    },
    "giraffe": {
      "precision": 0.010278,
      "recall": 0.010502,
      "f1-score": 0.010389,
      "support": 50.0
    },
    "monkey": {
      "precision": 0.007822,
      "recall": 0.023518,
      "f1-score": 0.01174,
      "support": 50.0
    },
    "cow": {
      "precision": 0.002948,
      "recall": 0.007172,
      "f1-score": 0.004178,
      "support": 50.0
    },
    "pig": {
      "precision": 0.014156,
      "recall": 0.009837,
      "f1-score": 0.011607,
      "support": 50.0
    },
    "sheep": {
      "precision": 0.00461,
      "recall": 0.021773,
      "f1-score": 0.007609,
      "support": 50.0
    },
    "accuracy": 0.011838,
    "macro avg": {
      "precision": 0.009714,
      "recall": 0.012086,
      "f1-score": 0.009106,
      "support": 1000.0
    },
    "weighted avg": {
      "precision": 0.009714,
      "recall": 0.012086,
      "f1-score": 0.009106,
      "support": 1000.0
    }
  }
}