{
  "model": "cnn",
  "dataset": "imagenet",
  "augmentation": "vqvae",
  "accuracy": 0.009624,
  "precision": 0.010715,
  "recall": 0.008811,
  "f1_score": 0.008117,
  "class_report": {
    "airplane": {
      "precision": 0.001935,
      "recall": 0.021815,
      "f1-score": 0.003554,
      "support": 50.0
    },
    "automobile": {
      "precision": 0.01866,
      "recall": 0.019429,
      "f1-score": 0.019037,
      "support": 50.0
    },
    "bird": {
      "precision": 0.012611,
      "recall": 0.001618,
      "f1-score": 0.002868,
      "support": 50.0
    },
    "cat": {
      "precision": 0.004011,
      "recall": 0.008993,
      "f1-score": 0.005547,
      "support": 50.0
    },
    "deer": {
      "precision": 0.01365,
      "recall": 0.004871,
      "f1-score": 0.007179,
      "support": 50.0
    },
    "dog": {
      "precision": 0.001751,
      "recall": 0.006841,
      "f1-score": 0.002788,
      "support": 50.0
    },
    "frog": {
      "precision": 0.007601,
      "recall": 0.003006,
      "f1-score": 0.004308,
      "support": 50.0
    },
    "horse": {
      "precision": 0.018343,
      "recall": 0.011443,
      "f1-score": 0.014094,
      "support": 50.0
    },
    "ship": {
      "precision": 0.002796,
      "recall": 0.01435,
      "f1-score": 0.00468,
      "support": 50.0
    },
    "truck": {
      "precision": 0.001964,
      "recall": 0.01677,
      "f1-score": 0.003516,
      "support": 50.0
    },
    "elephant": {
      "precision": 0.013435,
      "recall": 0.010947,
      "f1-score": 0.012064,
      "support": 50.0
    },
    "tiger": {
      "precision": 0.00396,
      "recall": 0.017126,
      "f1-score": 0.006432,
      "support": 50.0
    },
    "lion": {
      "precision": 0.004246,
      "recall": 0.019356,
      "f1-score": 0.006964,
      "support": 50.0
    },
    "bear": {
      "precision": 0.012056,
      "recall": 0.01871,
      "f1-score": 0.014663,
      "support": 50.0
    },
    "zebra": {
      "precision": 0.019185,
      "recall": 0.015772,
      "f1-score": 0.017311,
      "support": 50.0
    },
    "giraffe": {
      "precision": 0.006907,
      "recall": 0.011365,
      "f1-score": 0.008592,
      "support": 50.0
    },
    "monkey": {
      "precision": 0.012419,
      "recall": 0.022946,
      "f1-score": 0.016116,
      "support": 50.0
    },
    "cow": {
      "precision": 0.00373,
      "recall": 0.006492,
      "f1-score": 0.004738,
      "support": 50.0
    },
    "pig": {
      "precision": 0.015136,
      "recall": 0.019975,
      "f1-score": 0.017222,
      "support": 50.0
    },
    "sheep": {
      "precision": 0.01061,
      "recall": 0.024744,
      "f1-score": 0.014851,
      "support": 50.0
    },
    "accuracy": 0.009624,
    "macro avg": {
      "precision": 0.010715,
      "recall": 0.008811,
      "f1-score": 0.008117,
      "support": 1000.0
    },
    "weighted avg": {
      "precision": 0.010715,
      "recall": 0.008811,
      "f1-score": 0.008117,
      "support": 1000.0
    }
  }
}