{
  "model": "cnn",
  "dataset": "cifar10",
  "augmentation": "auto",
  "accuracy": 0.0987,
  "precision": 0.09850696285285075,
  "recall": 0.0987,
  "f1_score": 0.09318534478042707,
  "class_report": {
    "airplane": {
      "precision": 0.08802308802308802,
      "recall": 0.061,
      "f1-score": 0.07206142941523921,
      "support": 1000.0
    },
    "automobile": {
      "precision": 0.12435233160621761,
      "recall": 0.096,
      "f1-score": 0.10835214446952596,
      "support": 1000.0
    },
    "bird": {
      "precision": 0.09296781883194279,
      "recall": 0.078,
      "f1-score": 0.08482871125611746,
      "support": 1000.0
    },
    "cat": {
      "precision": 0.10650069156293222,
      "recall": 0.077,
      "f1-score": 0.0893789901334881,
      "support": 1000.0
    },
    "deer": {
      "precision": 0.10540184453227931,
      "recall": 0.08,
      "f1-score": 0.09096077316657192,
      "support": 1000.0
    },
    "dog": {
      "precision": 0.0847457627118644,
      "recall": 0.075,
      "f1-score": 0.07957559681697612,
      "support": 1000.0
    },
    "frog": {
      "precision": 0.1067484662576687,
      "recall": 0.087,
      "f1-score": 0.09586776859504133,
      "support": 1000.0
    },
    "horse": {
      "precision": 0.08940397350993377,
      "recall": 0.081,
      "f1-score": 0.08499475341028331,
      "support": 1000.0
    },
    "ship": {
      "precision": 0.085995085995086,
      "recall": 0.07,
      "f1-score": 0.07717750826901874,
      "support": 1000.0
    },
    "truck": {
      "precision": 0.10093056549749463,
      "recall": 0.282,
      "f1-score": 0.14865577227200844,
      "support": 1000.0
    },
    "accuracy": 0.0987,
    "macro avg": {
      "precision": 0.09850696285285074,
      "recall": 0.09870000000000001,
      "f1-score": 0.09318534478042705,
      "support": 10000.0
    },
    "weighted avg": {
      "precision": 0.09850696285285075,
      "recall": 0.0987,
      "f1-score": 0.09318534478042707,
      "support": 10000.0
    }
  },
  "confusion_matrix": [
    [
      61,
      79,
      86,
      74,
      70,
      91,
      72,
      89,
      86,
      292
    ],
    [
      65,
      96,
      74,
      82,
      71,
      82,
      98,
      82,
      83,
      267
    ],
    [
      59,
      70,
      78,
      66,
      71,
      105,
      78,
      88,
      94,
      291
    ],
    [
      73,
      83,
      80,
      77,
      72,
      88,
      65,
      98,
      106,
      258
    ],
    [
      69,
      72,
      86,
      68,
      80,
      95,
      90,
      89,
      70,
      281
    ],
    [
      73,
      67,
      98,
      72,
      84,
      75,
      76,
      89,
      71,
      295
    ],
    [
      70,
      69,
      89,
      76,
      88,
      73,
      87,
      100,
      79,
      269
    ],
    [
      71,
      78,
      75,
      65,
      86,
      96,
      92,
      81,
      82,
      274
    ],
    [
      68,
      78,
      85,
      79,
      73,
      87,
      83,
      92,
      70,
      285
    ],
    [
      84,
      80,
      88,
      64,
      64,
      93,
      74,
      98,
      73,
      282
    ]
  ]
}