{
  "model": "cnn",
  "dataset": "cifar10",
  "augmentation": "gan",
  "accuracy": 0.1041,
  "precision": 0.10389837801973285,
  "recall": 0.1041,
  "f1_score": 0.10097101971350984,
  "class_report": {
    "airplane": {
      "precision": 0.11342894393741851,
      "recall": 0.087,
      "f1-score": 0.09847198641765705,
      "support": 1000.0
    },
    "automobile": {
      "precision": 0.10572259941804074,
      "recall": 0.109,
      "f1-score": 0.10733628754308222,
      "support": 1000.0
    },
    "bird": {
      "precision": 0.10011641443538999,
      "recall": 0.086,
      "f1-score": 0.09252286175363099,
      "support": 1000.0
    },
    "cat": {
      "precision": 0.08923076923076922,
      "recall": 0.058,
      "f1-score": 0.0703030303030303,
      "support": 1000.0
    },
    "deer": {
      "precision": 0.11401098901098901,
      "recall": 0.083,
      "f1-score": 0.09606481481481481,
      "support": 1000.0
    },
    "dog": {
      "precision": 0.08902877697841727,
      "recall": 0.099,
      "f1-score": 0.09375,
      "support": 1000.0
    },
    "frog": {
      "precision": 0.10560237977193852,
      "recall": 0.213,
      "f1-score": 0.14119986741796486,
      "support": 1000.0
    },
    "horse": {
      "precision": 0.10354223433242507,
      "recall": 0.076,
      "f1-score": 0.08765859284890427,
      "support": 1000.0
    },
    "ship": {
      "precision": 0.11074918566775244,
      "recall": 0.136,
      "f1-score": 0.12208258527827648,
      "support": 1000.0
    },
    "truck": {
      "precision": 0.10755148741418764,
      "recall": 0.094,
      "f1-score": 0.10032017075773746,
      "support": 1000.0
    },
    "accuracy": 0.1041,
    "macro avg": {
      "precision": 0.10389837801973285,
      "recall": 0.1041,
      "f1-score": 0.10097101971350983,
      "support": 10000.0
    },
    "weighted avg": {
      "precision": 0.10389837801973285,
      "recall": 0.1041,
      "f1-score": 0.10097101971350984,
      "support": 10000.0
    }
  },
  "confusion_matrix": [
    [
      87,
      107,
      79,
      71,
      74,
      109,
      209,
      82,
      116,
      66
    ],
    [
      59,
      109,
      84,
      73,
      68,
      119,
      192,
      74,
      128,
      94
    ],
    [
      65,
      115,
      86,
      57,
      76,
      130,
      200,
      72,
      121,
      78
    ],
    [
      86,
      104,
      95,
      58,
      71,
      122,
      191,
      60,
      125,
      88
    ],
    [
      83,
      107,
      90,
      59,
      83,
      110,
      203,
      78,
      95,
      92
    ],
    [
      73,
      100,
      70,
      69,
      82,
      99,
      211,
      60,
      136,
      100
    ],
    [
      73,
      84,
      82,
      68,
      78,
      107,
      213,
      71,
      137,
      87
    ],
    [
      82,
      115,
      97,
      74,
      64,
      95,
      197,
      76,
      117,
      83
    ],
    [
      80,
      96,
      90,
      61,
      60,
      110,
      193,
      82,
      136,
      92
    ],
    [
      79,
      94,
      86,
      60,
      72,
      111,
      208,
      79,
      117,
      94
    ]
  ]
}