{
  "model": "cnn",
  "dataset": "cifar10",
  "augmentation": "fusion",
  "accuracy": 0.0992,
  "precision": 0.09956840716078684,
  "recall": 0.0992,
  "f1_score": 0.09245389556271896,
  "class_report": {
    "airplane": {
      "precision": 0.11288180610889774,
      "recall": 0.085,
      "f1-score": 0.09697661152310325,
      "support": 1000.0
    },
    "automobile": {
      "precision": 0.08233532934131736,
      "recall": 0.055,
      "f1-score": 0.06594724220623502,
      "support": 1000.0
    },
    "bird": {
      "precision": 0.09334657398212512,
      "recall": 0.094,
      "f1-score": 0.09367214748380667,
      "support": 1000.0
    },
    "cat": {
      "precision": 0.10675675675675676,
      "recall": 0.079,
      "f1-score": 0.09080459770114943,
      "support": 1000.0
    },
    "deer": {
      "precision": 0.09811565951916829,
      "recall": 0.302,
      "f1-score": 0.14811181951937225,
      "support": 1000.0
    },
    "dog": {
      "precision": 0.10666666666666667,
      "recall": 0.072,
      "f1-score": 0.08597014925373134,
      "support": 1000.0
    },
    "frog": {
      "precision": 0.09605263157894736,
      "recall": 0.073,
      "f1-score": 0.08295454545454546,
      "support": 1000.0
    },
    "horse": {
      "precision": 0.1099236641221374,
      "recall": 0.072,
      "f1-score": 0.08700906344410876,
      "support": 1000.0
    },
    "ship": {
      "precision": 0.08187919463087248,
      "recall": 0.061,
      "f1-score": 0.06991404011461318,
      "support": 1000.0
    },
    "truck": {
      "precision": 0.10772578890097932,
      "recall": 0.099,
      "f1-score": 0.10317873892652424,
      "support": 1000.0
    },
    "accuracy": 0.0992,
    "macro avg": {
      "precision": 0.09956840716078684,
      "recall": 0.0992,
      "f1-score": 0.09245389556271896,
      "support": 10000.0
    },
    "weighted avg": {
      "precision": 0.09956840716078684,
      "recall": 0.0992,
      "f1-score": 0.09245389556271896,
      "support": 10000.0
    }
  },
  "confusion_matrix": [
    [
      85,
      62,
      98,
      81,
      319,
      87,
      64,
      54,
      69,
      81
    ],
    [
      75,
      55,
      99,
      81,
      321,
      64,
      79,
      54,
      72,
      100
    ],
    [
      74,
      74,
      94,
      78,
      316,
      57,
      73,
      69,
      74,
      91
    ],
    [
      72,
      72,
      107,
      79,
      285,
      64,
      71,
      66,
      89,
      95
    ],
    [
      71,
      62,
      104,
      67,
      302,
      63,
      74,
      77,
      81,
      99
    ],
    [
      62,
      54,
      92,
      66,
      328,
      72,
      78,
      87,
      76,
      85
    ],
    [
      82,
      74,
      98,
      80,
      298,
      70,
      73,
      64,
      64,
      97
    ],
    [
      89,
      67,
      100,
      62,
      288,
      56,
      87,
      72,
      86,
      93
    ],
    [
      79,
      76,
      104,
      76,
      316,
      80,
      74,
      55,
      61,
      79
    ],
    [
      64,
      72,
      111,
      70,
      305,
      62,
      87,
      57,
      73,
      99
    ]
  ]
}