{
  "model": "cnn",
  "dataset": "cifar10",
  "augmentation": "miamix",
  "accuracy": 0.0966,
  "precision": 0.09668002901720404,
  "recall": 0.0966,
  "f1_score": 0.09433584839576481,
  "class_report": {
    "airplane": {
      "precision": 0.09780334728033473,
      "recall": 0.187,
      "f1-score": 0.12843406593406592,
      "support": 1000.0
    },
    "automobile": {
      "precision": 0.09444985394352483,
      "recall": 0.097,
      "f1-score": 0.0957079427725703,
      "support": 1000.0
    },
    "bird": {
      "precision": 0.1103202846975089,
      "recall": 0.093,
      "f1-score": 0.10092240911557243,
      "support": 1000.0
    },
    "cat": {
      "precision": 0.10862619808306709,
      "recall": 0.102,
      "f1-score": 0.10520887055183084,
      "support": 1000.0
    },
    "deer": {
      "precision": 0.0943231441048035,
      "recall": 0.108,
      "f1-score": 0.1006993006993007,
      "support": 1000.0
    },
    "dog": {
      "precision": 0.08597285067873303,
      "recall": 0.095,
      "f1-score": 0.09026128266033254,
      "support": 1000.0
    },
    "frog": {
      "precision": 0.08397932816537468,
      "recall": 0.065,
      "f1-score": 0.07328072153325817,
      "support": 1000.0
    },
    "horse": {
      "precision": 0.10379746835443038,
      "recall": 0.082,
      "f1-score": 0.09162011173184358,
      "support": 1000.0
    },
    "ship": {
      "precision": 0.09523809523809523,
      "recall": 0.058,
      "f1-score": 0.07209446861404599,
      "support": 1000.0
    },
    "truck": {
      "precision": 0.09228971962616822,
      "recall": 0.079,
      "f1-score": 0.08512931034482758,
      "support": 1000.0
    },
    "accuracy": 0.0966,
    "macro avg": {
      "precision": 0.09668002901720404,
      "recall": 0.0966,
      "f1-score": 0.09433584839576481,
      "support": 10000.0
    },
    "weighted avg": {
      "precision": 0.09668002901720404,
      "recall": 0.0966,
      "f1-score": 0.09433584839576481,
      "support": 10000.0
    }
  },
  "confusion_matrix": [
    [
      187,
      81,
      79,
      91,
      118,
      134,
      77,
      93,
      61,
      79
    ],
    [
      185,
      97,
      97,
      87,
      121,
      119,
      69,
      92,
      56,
      77
    ],
    [
      191,
      98,
      93,
      86,
      117,
      102,
      94,
      71,
      63,
      85
    ],
    [
      190,
      101,
      67,
      102,
      107,
      111,
      82,
      78,
      78,
      84
    ],
    [
      189,
      98,
      92,
      102,
      108,
      104,
      74,
      88,
      52,
      93
    ],
    [
      196,
      110,
      98,
      77,
      111,
      95,
      85,
      73,
      64,
      91
    ],
    [
      181,
      116,
      76,
      96,
      115,
      102,
      65,
      78,
      66,
      105
    ],
    [
      177,
      113,
      77,
      92,
      102,
      118,
      94,
      82,
      60,
      85
    ],
    [
      199,
      114,
      86,
      105,
      106,
      110,
      69,
      75,
      58,
      78
    ],
    [
      217,
      99,
      78,
      101,
      140,
      110,
      65,
      60,
      51,
      79
    ]
  ]
}