{
  "model": "cnn",
  "dataset": "cifar10",
  "augmentation": "mixup",
  "accuracy": 0.1012,
  "precision": 0.10188138955750371,
  "recall": 0.1012,
  "f1_score": 0.09497141298659455,
  "class_report": {
    "airplane": {
      "precision": 0.11047619047619048,
      "recall": 0.058,
      "f1-score": 0.0760655737704918,
      "support": 1000.0
    },
    "automobile": {
      "precision": 0.09403669724770643,
      "recall": 0.082,
      "f1-score": 0.0876068376068376,
      "support": 1000.0
    },
    "bird": {
      "precision": 0.11316397228637413,
      "recall": 0.098,
      "f1-score": 0.10503751339764202,
      "support": 1000.0
    },
    "cat": {
      "precision": 0.10743801652892562,
      "recall": 0.078,
      "f1-score": 0.09038238702201622,
      "support": 1000.0
    },
    "deer": {
      "precision": 0.09326424870466321,
      "recall": 0.09,
      "f1-score": 0.0916030534351145,
      "support": 1000.0
    },
    "dog": {
      "precision": 0.09005847953216374,
      "recall": 0.077,
      "f1-score": 0.0830188679245283,
      "support": 1000.0
    },
    "frog": {
      "precision": 0.09948979591836735,
      "recall": 0.078,
      "f1-score": 0.08744394618834081,
      "support": 1000.0
    },
    "horse": {
      "precision": 0.09337349397590361,
      "recall": 0.062,
      "f1-score": 0.07451923076923077,
      "support": 1000.0
    },
    "ship": {
      "precision": 0.10030601836110166,
      "recall": 0.295,
      "f1-score": 0.14970819588936818,
      "support": 1000.0
    },
    "truck": {
      "precision": 0.1172069825436409,
      "recall": 0.094,
      "f1-score": 0.10432852386237514,
      "support": 1000.0
    },
    "accuracy": 0.1012,
    "macro avg": {
      "precision": 0.1018813895575037,
      "recall": 0.1012,
      "f1-score": 0.09497141298659453,
      "support": 10000.0
    },
    "weighted avg": {
      "precision": 0.10188138955750371,
      "recall": 0.1012,
      "f1-score": 0.09497141298659455,
      "support": 10000.0
    }
  },
  "confusion_matrix": [
    [
      58,
      79,
      84,
      84,
      103,
      86,
      76,
      78,
      279,
      73
    ],
    [
      55,
      82,
      78,
      71,
      96,
      89,
      86,
      71,
      302,
      70
    ],
    [
      64,
      83,
      98,
      65,
      93,
      107,
      65,
      54,
      302,
      69
    ],
    [
      57,
      88,
      89,
      78,
      93,
      89,
      67,
      69,
      282,
      88
    ],
    [
      49,
      98,
      91,
      71,
      90,
      88,
      78,
      57,
      288,
      90
    ],
    [
      46,
      82,
      86,
      74,
      99,
      77,
      86,
      56,
      313,
      81
    ],
    [
      46,
      99,
      73,
      82,
      97,
      81,
      78,
      71,
      294,
      79
    ],
    [
      53,
      92,
      100,
      64,
      93,
      77,
      88,
      62,
      294,
      77
    ],
    [
      60,
      78,
      78,
      64,
      107,
      87,
      80,
      70,
      295,
      81
    ],
    [
      37,
      91,
      89,
      73,
      94,
      74,
      80,
      76,
      292,
      94
    ]
  ]
}