{
  "model": "cnn",
  "dataset": "cifar10",
  "augmentation": "lsb",
  "accuracy": 0.0944,
  "precision": 0.09428507052752254,
  "recall": 0.0944,
  "f1_score": 0.09000974158347078,
  "class_report": {
    "airplane": {
      "precision": 0.11052631578947368,
      "recall": 0.084,
      "f1-score": 0.09545454545454546,
      "support": 1000.0
    },
    "automobile": {
      "precision": 0.09817351598173515,
      "recall": 0.086,
      "f1-score": 0.09168443496801706,
      "support": 1000.0
    },
    "bird": {
      "precision": 0.08685162846803378,
      "recall": 0.072,
      "f1-score": 0.07873154729360306,
      "support": 1000.0
    },
    "cat": {
      "precision": 0.09523809523809523,
      "recall": 0.082,
      "f1-score": 0.08812466415905428,
      "support": 1000.0
    },
    "deer": {
      "precision": 0.10063694267515924,
      "recall": 0.079,
      "f1-score": 0.08851540616246499,
      "support": 1000.0
    },
    "dog": {
      "precision": 0.08690012970168612,
      "recall": 0.067,
      "f1-score": 0.0756634669678148,
      "support": 1000.0
    },
    "frog": {
      "precision": 0.08427672955974842,
      "recall": 0.067,
      "f1-score": 0.07465181058495822,
      "support": 1000.0
    },
    "horse": {
      "precision": 0.09124087591240876,
      "recall": 0.075,
      "f1-score": 0.08232711306256861,
      "support": 1000.0
    },
    "ship": {
      "precision": 0.09385863267670916,
      "recall": 0.081,
      "f1-score": 0.08695652173913043,
      "support": 1000.0
    },
    "truck": {
      "precision": 0.09514783927217589,
      "recall": 0.251,
      "f1-score": 0.13798790544255085,
      "support": 1000.0
    },
    "accuracy": 0.0944,
    "macro avg": {
      "precision": 0.09428507052752254,
      "recall": 0.0944,
      "f1-score": 0.09000974158347078,
      "support": 10000.0
    },
    "weighted avg": {
      "precision": 0.09428507052752254,
      "recall": 0.0944,
      "f1-score": 0.09000974158347078,
      "support": 10000.0
    }
  },
  "confusion_matrix": [
    [
      84,
      79,
      89,
      87,
      75,
      65,
      77,
      91,
      72,
      281
    ],
    [
      63,
      86,
      77,
      77,
      96,
      90,
      76,
      69,
      105,
      261
    ],
    [
      68,
      85,
      72,
      104,
      70,
      67,
      85,
      83,
      87,
      279
    ],
    [
      85,
      91,
      84,
      82,
      93,
      78,
      81,
      82,
      76,
      248
    ],
    [
      82,
      92,
      79,
      77,
      79,
      78,
      73,
      87,
      96,
      257
    ],
    [
      81,
      91,
      76,
      88,
      58,
      67,
      90,
      79,
      93,
      277
    ],
    [
      80,
      107,
      93,
      85,
      74,
      74,
      67,
      85,
      80,
      255
    ],
    [
      63,
      77,
      89,
      88,
      76,
      80,
      91,
      75,
      88,
      273
    ],
    [
      85,
      96,
      78,
      74,
      74,
      97,
      74,
      85,
      81,
      256
    ],
    [
      69,
      72,
      92,
      99,
      90,
      75,
      81,
      86,
      85,
      251
    ]
  ]
}